<?xml version="1.0" encoding="UTF-8"?>
<infoList vendor="NXP">&#x0A;<info chip="LPC4370" match_id="0x0" name="LPC4370" resetscript="LPC18LPC43ExternalFLASHBootResetscript.scp" stub="crt_emu_lpc18_43_nxp">&#x0A;<chip>&#x0A;<name>LPC4370</name>&#x0A;<family>LPC43xx</family>&#x0A;<vendor>NXP (formerly Philips)</vendor>&#x0A;<reset board="None" core="Real" sys="Real"/>&#x0A;<clock changeable="TRUE" freq="20MHz" is_accurate="TRUE"/>&#x0A;<memory can_program="true" id="Flash" is_ro="true" type="Flash"/>&#x0A;<memory id="RAM" type="RAM"/>&#x0A;<memory id="Periph" is_volatile="true" type="Peripheral"/>&#x0A;<memoryInstance derived_from="Flash" driver="LPC18_43_SPIFI_SFDP.cfx" id="SPIFI" location="0x14000000" size="0x400000"/>&#x0A;<memoryInstance derived_from="RAM" id="RamLoc128" location="0x10000000" size="0x20000"/>&#x0A;<memoryInstance derived_from="RAM" id="RamLoc72" location="0x10080000" size="0x12000"/>&#x0A;</chip>&#x0A;<processor>&#x0A;<name gcc_name="cortex-m4">Cortex-M4</name>&#x0A;<family>Cortex-M</family>&#x0A;</processor>&#x0A;</info>&#x0A;</infoList>
